anonym_id,log10,inhib_col
Analog 1,3.9995654882259823,71.53787
Analog 1,3.39776625612645,78.595085
Analog 1,2.793161529245551,80.849335
Analog 1,2.198931869932209,79.638435
Analog 1,1.6196150057428065,69.444244
Analog 1,0.9847972570892928,55.67259
Analog 1,0.3821972103774537,14.291201
Analog 1,-0.23433144524098592,-0.4925571
Analog 1,-0.7783250029292312,-6.9115086
Analog 1,-1.418050341626682,-2.0122998
Analog 2,3.9995654882259823,57.655846
Analog 2,3.39776625612645,49.074757
Analog 2,2.793161529245551,26.643913
Analog 2,2.198931869932209,-1.3642336
Analog 2,1.6196150057428065,-1.6987741
Analog 2,0.9847972570892928,-2.620174
Analog 2,0.3821972103774537,-5.709034
Analog 2,-0.23433144524098592,-5.838294
Analog 2,-0.7783250029292312,-5.888132
Analog 2,-1.418050341626682,-7.3136754
Analog 3,3.9995654882259823,-1.2889112
Analog 3,3.39776625612645,-6.872672
Analog 3,2.793161529245551,-10.956612
Analog 3,2.198931869932209,-9.046981
Analog 3,1.6196150057428065,-6.4952044
Analog 3,0.9847972570892928,-4.379514
Analog 3,0.3821972103774537,-0.49493542
Analog 3,-0.23433144524098592,-5.4627705
Analog 3,-0.7783250029292312,-5.351482
Analog 3,-1.418050341626682,-2.216814
Analog 4,3.9995654882259823,-1.7835909
Analog 4,3.39776625612645,-1.1078026
Analog 4,2.793161529245551,-12.377437
Analog 4,2.198931869932209,-4.9967594
Analog 4,1.6196150057428065,-7.0807624
Analog 4,0.9847972570892928,-3.8690841
Analog 4,0.3821972103774537,-5.1804733
Analog 4,-0.23433144524098592,-5.9976354
Analog 4,-0.7783250029292312,-4.002674
Analog 4,-1.418050341626682,-4.5999093
Analog 5,3.9995654882259823,-3.2842677
Analog 5,3.39776625612645,-2.9057913
Analog 5,2.793161529245551,-7.98492
Analog 5,2.198931869932209,-6.560025
Analog 5,1.6196150057428065,-10.548704
Analog 5,0.9847972570892928,-3.629651
Analog 5,0.3821972103774537,-2.8912818
Analog 5,-0.23433144524098592,-5.191215
Analog 5,-0.7783250029292312,-7.3183174
Analog 5,-1.418050341626682,-7.039064
Analog 6,3.9995654882259823,-3.4843345
Analog 6,3.39776625612645,-2.654517
Analog 6,2.793161529245551,-6.07742
Analog 6,2.198931869932209,-1.2520788
Analog 6,1.6196150057428065,-6.0214024
Analog 6,0.9847972570892928,-3.83283
Analog 6,0.3821972103774537,-4.841743
Analog 6,-0.23433144524098592,-10.294161
Analog 6,-0.7783250029292312,-8.342155
Analog 6,-1.418050341626682,-10.908849
Reference D,3.9995654882259823,64.70615
Reference D,3.39776625612645,63.89134
Reference D,2.793161529245551,69.208374
Reference D,2.198931869932209,56.262596
Reference D,1.6196150057428065,35.808304
Reference D,0.9847972570892928,18.833338
Reference D,0.3821972103774537,-2.4898765
Reference D,-0.23433144524098592,-2.861366
Reference D,-0.7783250029292312,-6.2412753
Reference D,-1.418050341626682,0.86087424
Analog 8,3.9995654882259823,75.19337
Analog 8,3.39776625612645,81.45064
Analog 8,2.793161529245551,83.58623
Analog 8,2.198931869932209,72.86851
Analog 8,1.6196150057428065,77.01883
Analog 8,0.9847972570892928,63.67129
Analog 8,0.3821972103774537,40.222164
Analog 8,-0.23433144524098592,7.0012517
Analog 8,-0.7783250029292312,-3.2654994
Analog 8,-1.418050341626682,-2.3842864
Analog 9,3.9995654882259823,94.3634
Analog 9,3.39776625612645,93.77545
Analog 9,2.793161529245551,92.88125
Analog 9,2.198931869932209,52.716255
Analog 9,1.6196150057428065,45.978416
Analog 9,0.9847972570892928,30.642536
Analog 9,0.3821972103774537,3.262037
Analog 9,-0.23433144524098592,-7.6910477
Analog 9,-0.7783250029292312,-2.46181
Analog 9,-1.418050341626682,-6.675963
Analog 10,3.9995654882259823,12.508359
Analog 10,3.39776625612645,-1.851069
Analog 10,2.793161529245551,-11.334418
Analog 10,2.198931869932209,-4.671904
Analog 10,1.6196150057428065,-10.623485
Analog 10,0.9847972570892928,-5.3256116
Analog 10,0.3821972103774537,-4.344613
Analog 10,-0.23433144524098592,-11.072936
Analog 10,-0.7783250029292312,-6.369521
Analog 10,-1.418050341626682,-9.562248
Analog 11,3.9995654882259823,23.007877
Analog 11,3.39776625612645,11.643497
Analog 11,2.793161529245551,-12.086766
Analog 11,2.198931869932209,-10.727685
Analog 11,1.6196150057428065,-12.879429
Analog 11,0.9847972570892928,-6.097855
Analog 11,0.3821972103774537,-4.6508927
Analog 11,-0.23433144524098592,-3.056808
Analog 11,-0.7783250029292312,-10.915723
Analog 11,-1.418050341626682,-3.707996
Analog 12,3.9995654882259823,74.487885
Analog 12,3.39776625612645,80.90616
Analog 12,2.793161529245551,89.968216
Analog 12,2.198931869932209,85.81303
Analog 12,1.6196150057428065,78.08895
Analog 12,0.9847972570892928,67.72798
Analog 12,0.3821972103774537,28.171835
Analog 12,-0.23433144524098592,-2.811386
Analog 12,-0.7783250029292312,-8.5569315
Analog 12,-1.418050341626682,-6.210464
Analog 13,3.9995654882259823,70.70271
Analog 13,3.39776625612645,64.34016
Analog 13,2.793161529245551,44.21391
Analog 13,2.198931869932209,6.5807157
Analog 13,1.6196150057428065,8.082237
Analog 13,0.9847972570892928,6.2288427
Analog 13,0.3821972103774537,-1.4697396
Analog 13,-0.23433144524098592,8.176604
Analog 13,-0.7783250029292312,4.2825937
Analog 13,-1.418050341626682,1.5559856
Analog 14,3.9995654882259823,-5.487151
Analog 14,3.39776625612645,-7.2432494
Analog 14,2.793161529245551,-3.6878061
Analog 14,2.198931869932209,-7.037141
Analog 14,1.6196150057428065,-8.793483
Analog 14,0.9847972570892928,-1.8600978
Analog 14,0.3821972103774537,-5.468669
Analog 14,-0.23433144524098592,-3.7942455
Analog 14,-0.7783250029292312,-8.393954
Analog 14,-1.418050341626682,-8.530038
Analog 15,3.9995654882259823,-5.43757
Analog 15,3.39776625612645,-2.1849089
Analog 15,2.793161529245551,-8.423123
Analog 15,2.198931869932209,-8.660264
Analog 15,1.6196150057428065,2.7657855
Analog 15,0.9847972570892928,-2.7747521
Analog 15,0.3821972103774537,-7.306675
Analog 15,-0.23433144524098592,-2.281889
Analog 15,-0.7783250029292312,0.62367404
Analog 15,-1.418050341626682,-5.2360597
Analog 16,3.9995654882259823,-6.5065618
Analog 16,3.39776625612645,-7.469908
Analog 16,2.793161529245551,-17.258657
Analog 16,2.198931869932209,-7.8576603
Analog 16,1.6196150057428065,-5.304076
Analog 16,0.9847972570892928,-6.278155
Analog 16,0.3821972103774537,-9.97638
Analog 16,-0.23433144524098592,-7.533634
Analog 16,-0.7783250029292312,-7.9902053
Analog 16,-1.418050341626682,-9.862207
Analog 17,3.9995654882259823,-2.4919994
Analog 17,3.39776625612645,1.2044828
Analog 17,2.793161529245551,-3.9506826
Analog 17,2.198931869932209,-0.1468302
Analog 17,1.6196150057428065,3.59311
Analog 17,0.9847972570892928,4.0025425
Analog 17,0.3821972103774537,-5.167102
Analog 17,-0.23433144524098592,-0.17574428
Analog 17,-0.7783250029292312,-5.7410955
Analog 17,-1.418050341626682,-7.6389947
Reference B,3.9995654882259823,81.561424
Reference B,3.39776625612645,81.96786
Reference B,2.793161529245551,78.91402
Reference B,2.198931869932209,76.43037
Reference B,1.6196150057428065,49.584675
Reference B,0.9847972570892928,33.74067
Reference B,0.3821972103774537,-0.9904413
Reference B,-0.23433144524098592,-6.557314
Reference B,-0.7783250029292312,-6.7183867
Reference B,-1.418050341626682,-5.264518
Analog 19,3.9995654882259823,79.236244
Analog 19,3.39776625612645,90.63555
Analog 19,2.793161529245551,92.969666
Analog 19,2.198931869932209,91.43801
Analog 19,1.6196150057428065,90.7615
Analog 19,0.9847972570892928,81.712326
Analog 19,0.3821972103774537,49.309044
Analog 19,-0.23433144524098592,36.012383
Analog 19,-0.7783250029292312,0.5788737
Analog 19,-1.418050341626682,-8.378937
Analog 20,3.9995654882259823,96.05548
Analog 20,3.39776625612645,96.436195
Analog 20,2.793161529245551,95.40269
Analog 20,2.198931869932209,67.9042
Analog 20,1.6196150057428065,64.94398
Analog 20,0.9847972570892928,43.253628
Analog 20,0.3821972103774537,-2.003384
Analog 20,-0.23433144524098592,-5.6346893
Analog 20,-0.7783250029292312,-3.9345138
Analog 20,-1.418050341626682,-4.8018613
Analog 21,3.9995654882259823,35.054424
Analog 21,3.39776625612645,0.11442391
Analog 21,2.793161529245551,-11.469638
Analog 21,2.198931869932209,-1.237677
Analog 21,1.6196150057428065,-1.9798893
Analog 21,0.9847972570892928,3.3634984
Analog 21,0.3821972103774537,-3.6947489
Analog 21,-0.23433144524098592,-5.582964
Analog 21,-0.7783250029292312,-2.6353357
Analog 21,-1.418050341626682,-3.4632556
Analog 22,3.9995654882259823,25.749872
Analog 22,3.39776625612645,12.617054
Analog 22,2.793161529245551,-9.89149
Analog 22,2.198931869932209,-13.23918
Analog 22,1.6196150057428065,-7.813598
Analog 22,0.9847972570892928,-4.3257675
Analog 22,0.3821972103774537,-11.267529
Analog 22,-0.23433144524098592,-3.9634001
Analog 22,-0.7783250029292312,-10.333946
Analog 22,-1.418050341626682,-6.95738
Analog 23,3.9995654882259823,2.8264322
Analog 23,3.39776625612645,-1.1464502
Analog 23,2.793161529245551,-1.2432004
Analog 23,2.198931869932209,-3.5406604
Analog 23,1.6196150057428065,-10.671012
Analog 23,0.9847972570892928,-8.508028
Analog 23,0.3821972103774537,-5.628318
Analog 23,-0.23433144524098592,-3.7254167
Analog 23,-0.7783250029292312,-9.6393
Analog 23,-1.418050341626682,-8.949619
Analog 24,3.9995654882259823,12.795848
Analog 24,3.39776625612645,1.7711605
Analog 24,2.793161529245551,-5.0988307
Analog 24,2.198931869932209,-1.8271664
Analog 24,1.6196150057428065,-7.506034
Analog 24,0.9847972570892928,-3.158715
Analog 24,0.3821972103774537,-1.3782396
Analog 24,-0.23433144524098592,-2.9645686
Analog 24,-0.7783250029292312,-10.9136715
Analog 24,-1.418050341626682,-6.0859656
Analog 25,3.9995654882259823,42.971874
Analog 25,3.39776625612645,35.05118
Analog 25,2.793161529245551,33.744976
Analog 25,2.198931869932209,0.83116233
Analog 25,1.6196150057428065,-0.6584035
Analog 25,0.9847972570892928,-6.289527
Analog 25,0.3821972103774537,-3.2608588
Analog 25,-0.23433144524098592,-1.7348915
Analog 25,-0.7783250029292312,-9.13666
Analog 25,-1.418050341626682,-12.395869
Analog 26,3.9995654882259823,98.02525
Analog 26,3.39776625612645,17.958422
Analog 26,2.793161529245551,8.077126
Analog 26,2.198931869932209,-2.170629
Analog 26,1.6196150057428065,-5.8099065
Analog 26,0.9847972570892928,-4.4325027
Analog 26,0.3821972103774537,-4.9589314
Analog 26,-0.23433144524098592,-2.7409027
Analog 26,-0.7783250029292312,-10.139791
Analog 26,-1.418050341626682,-6.5122848
Analog 27,3.9995654882259823,45.94973
Analog 27,3.39776625612645,45.106705
Analog 27,2.793161529245551,28.250214
Analog 27,2.198931869932209,4.973157
Analog 27,1.6196150057428065,-1.844612
Analog 27,0.9847972570892928,-5.202988
Analog 27,0.3821972103774537,-5.723191
Analog 27,-0.23433144524098592,-9.222188
Analog 27,-0.7783250029292312,-11.8522215
Analog 27,-1.418050341626682,-9.743554
Analog 28,3.9995654882259823,98.067726
Analog 28,3.39776625612645,21.023182
Analog 28,2.793161529245551,8.285777
Analog 28,2.198931869932209,3.1613166
Analog 28,1.6196150057428065,-3.8765147
Analog 28,0.9847972570892928,-2.415442
Analog 28,0.3821972103774537,1.0310874
Analog 28,-0.23433144524098592,-0.2993251
Analog 28,-0.7783250029292312,-8.301524
Analog 28,-1.418050341626682,-2.564628
Analog 29,3.9995654882259823,49.651325
Analog 29,3.39776625612645,36.240093
Analog 29,2.793161529245551,10.687936
Analog 29,2.198931869932209,-0.20023376
Analog 29,1.6196150057428065,-9.187202
Analog 29,0.9847972570892928,-9.579917
Analog 29,0.3821972103774537,-5.542715
Analog 29,-0.23433144524098592,-12.67092
Analog 29,-0.7783250029292312,-8.21891
Analog 29,-1.418050341626682,-13.5051985
Analog 30,3.9995654882259823,5.563801
Analog 30,3.39776625612645,15.242487
Analog 30,2.793161529245551,2.7403278
Analog 30,2.198931869932209,-1.0938041
Analog 30,1.6196150057428065,-4.8930573
Analog 30,0.9847972570892928,-6.835475
Analog 30,0.3821972103774537,-7.438158
Analog 30,-0.23433144524098592,-1.0562425
Analog 30,-0.7783250029292312,-7.801181
Analog 30,-1.418050341626682,-8.011219
Analog 31,3.9995654882259823,48.67019
Analog 31,3.39776625612645,10.016169
Analog 31,2.793161529245551,-8.571087
Analog 31,2.198931869932209,-14.614024
Analog 31,1.6196150057428065,-3.2343755
Analog 31,0.9847972570892928,-9.299777
Analog 31,0.3821972103774537,-3.0995326
Analog 31,-0.23433144524098592,-8.126066
Analog 31,-0.7783250029292312,-8.670716
Analog 31,-1.418050341626682,-12.106654
Reference G,3.9995654882259823,49.456078
Reference G,3.39776625612645,51.913498
Reference G,2.793161529245551,51.315216
Reference G,2.198931869932209,49.329247
Reference G,1.6196150057428065,19.706772
Reference G,0.9847972570892928,6.3795023
Reference G,0.3821972103774537,5.0760202
Reference G,-0.23433144524098592,-3.3941598
Reference G,-0.7783250029292312,-4.423721
Reference G,-1.418050341626682,-5.550597
Analog 33,3.9995654882259823,51.074345
Analog 33,3.39776625612645,52.553802
Analog 33,2.793161529245551,51.23343
Analog 33,2.198931869932209,53.366962
Analog 33,1.6196150057428065,50.408157
Analog 33,0.9847972570892928,44.539898
Analog 33,0.3821972103774537,17.975912
Analog 33,-0.23433144524098592,2.7367535
Analog 33,-0.7783250029292312,0.4634648
Analog 33,-1.418050341626682,-7.0970693
Analog 34,3.9995654882259823,95.33139
Analog 34,3.39776625612645,95.253174
Analog 34,2.793161529245551,60.10826
Analog 34,2.198931869932209,48.540527
Analog 34,1.6196150057428065,34.61578
Analog 34,0.9847972570892928,10.842114
Analog 34,0.3821972103774537,3.0526226
Analog 34,-0.23433144524098592,-7.1164722
Analog 34,-0.7783250029292312,-13.635178
Analog 34,-1.418050341626682,-5.5931706
Reference H,3.9995654882259823,49.5561
Reference H,3.39776625612645,49.57291
Reference H,2.793161529245551,47.4492
Reference H,2.198931869932209,43.113976
Reference H,1.6196150057428065,12.797606
Reference H,0.9847972570892928,3.1519132
Reference H,0.3821972103774537,-2.0209377
Reference H,-0.23433144524098592,-3.7338433
Reference H,-0.7783250029292312,-6.893793
Reference H,-1.418050341626682,-2.4525862
Analog 36,3.9995654882259823,0.46506128
Analog 36,3.39776625612645,-12.899794
Analog 36,2.793161529245551,-2.2670932
Analog 36,2.198931869932209,-15.930367
Analog 36,1.6196150057428065,-13.038126
Analog 36,0.9847972570892928,-16.114937
Analog 36,0.3821972103774537,-14.147209
Analog 36,-0.23433144524098592,-14.466245
Analog 36,-0.7783250029292312,-13.680897
Analog 36,-1.418050341626682,-11.777825
Analog 37,3.9995654882259823,13.0923195
Analog 37,3.39776625612645,6.4148164
Analog 37,2.793161529245551,6.294105
Analog 37,2.198931869932209,-2.8245258
Analog 37,1.6196150057428065,-8.541297
Analog 37,0.9847972570892928,-4.908338
Analog 37,0.3821972103774537,-11.151586
Analog 37,-0.23433144524098592,-12.742781
Analog 37,-0.7783250029292312,-9.065364
Analog 37,-1.418050341626682,-13.344684
Analog 38,3.9995654882259823,35.466652
Analog 38,3.39776625612645,51.486916
Analog 38,2.793161529245551,34.085495
Analog 38,2.198931869932209,-2.428059
Analog 38,1.6196150057428065,-5.533386
Analog 38,0.9847972570892928,-10.489525
Analog 38,0.3821972103774537,-11.196872
Analog 38,-0.23433144524098592,-13.83637
Analog 38,-0.7783250029292312,-14.600273
Analog 38,-1.418050341626682,-19.10257
Analog 39,3.9995654882259823,98.11702
Analog 39,3.39776625612645,24.609158
Analog 39,2.793161529245551,12.335739
Analog 39,2.198931869932209,1.867275
Analog 39,1.6196150057428065,-10.720851
Analog 39,0.9847972570892928,-9.217268
Analog 39,0.3821972103774537,-10.911716
Analog 39,-0.23433144524098592,-9.471755
Analog 39,-0.7783250029292312,-8.298152
Analog 39,-1.418050341626682,-4.97561
Analog 40,3.9995654882259823,48.82248
Analog 40,3.39776625612645,54.131947
Analog 40,2.793161529245551,34.804646
Analog 40,2.198931869932209,13.479543
Analog 40,1.6196150057428065,-7.30184
Analog 40,0.9847972570892928,-2.2503667
Analog 40,0.3821972103774537,-15.704911
Analog 40,-0.23433144524098592,-9.55366
Analog 40,-0.7783250029292312,-12.688891
Analog 40,-1.418050341626682,-18.048853
Analog 41,3.9995654882259823,98.19669
Analog 41,3.39776625612645,32.270145
Analog 41,2.793161529245551,14.658183
Analog 41,2.198931869932209,0.3060748
Analog 41,1.6196150057428065,-9.784505
Analog 41,0.9847972570892928,-9.657692
Analog 41,0.3821972103774537,-8.779288
Analog 41,-0.23433144524098592,-7.1517673
Analog 41,-0.7783250029292312,-11.66485
Analog 41,-1.418050341626682,-16.309357
Analog 42,3.9995654882259823,53.534172
Analog 42,3.39776625612645,43.816936
Analog 42,2.793161529245551,9.476339
Analog 42,2.198931869932209,-0.19184864
Analog 42,1.6196150057428065,-9.34976
Analog 42,0.9847972570892928,-5.43751
Analog 42,0.3821972103774537,-8.493154
Analog 42,-0.23433144524098592,-12.074988
Analog 42,-0.7783250029292312,-11.628377
Analog 42,-1.418050341626682,-15.22121
Analog 43,3.9995654882259823,-3.933823
Analog 43,3.39776625612645,6.634835
Analog 43,2.793161529245551,7.9239793
Analog 43,2.198931869932209,0.32971388
Analog 43,1.6196150057428065,-17.506124
Analog 43,0.9847972570892928,-10.026431
Analog 43,0.3821972103774537,-17.327398
Analog 43,-0.23433144524098592,-8.409216
Analog 43,-0.7783250029292312,-14.677067
Analog 43,-1.418050341626682,-14.848628
Analog 44,3.9995654882259823,62.970406
Analog 44,3.39776625612645,4.2541513
Analog 44,2.793161529245551,-6.6664824
Analog 44,2.198931869932209,-16.600111
Analog 44,1.6196150057428065,-12.665495
Analog 44,0.9847972570892928,-10.4025135
Analog 44,0.3821972103774537,-14.237672
Analog 44,-0.23433144524098592,-10.8746195
Analog 44,-0.7783250029292312,-11.294007
Analog 44,-1.418050341626682,-16.639683
Reference C,3.9995654882259823,52.40086
Reference C,3.39776625612645,55.85513
Reference C,2.793161529245551,54.52513
Reference C,2.198931869932209,54.534176
Reference C,1.6196150057428065,30.577732
Reference C,0.9847972570892928,13.549992
Reference C,0.3821972103774537,-4.3580947
Reference C,-0.23433144524098592,-3.4220188
Reference C,-0.7783250029292312,-12.590338
Reference C,-1.418050341626682,-12.78807
Analog 46,3.9995654882259823,55.073273
Analog 46,3.39776625612645,55.915676
Analog 46,2.793161529245551,56.089195
Analog 46,2.198931869932209,58.119846
Analog 46,1.6196150057428065,56.047993
Analog 46,0.9847972570892928,51.146877
Analog 46,0.3821972103774537,29.317642
Analog 46,-0.23433144524098592,14.2705145
Analog 46,-0.7783250029292312,-5.1723256
Analog 46,-1.418050341626682,-1.3729291
Analog 47,3.9995654882259823,96.470535
Analog 47,3.39776625612645,96.69695
Analog 47,2.793161529245551,82.02348
Analog 47,2.198931869932209,64.06131
Analog 47,1.6196150057428065,42.8509
Analog 47,0.9847972570892928,26.521
Analog 47,0.3821972103774537,-3.247234
Analog 47,-0.23433144524098592,-6.099387
Analog 47,-0.7783250029292312,-12.822223
Analog 47,-1.418050341626682,-12.054138
Reference A,3.9995654882259823,52.526943
Reference A,3.39776625612645,52.14156
Reference A,2.793161529245551,49.685585
Reference A,2.198931869932209,51.667393
Reference A,1.6196150057428065,31.825258
Reference A,0.9847972570892928,10.236169
Reference A,0.3821972103774537,-6.2958007
Reference A,-0.23433144524098592,-14.846905
Reference A,-0.7783250029292312,-16.819359
Reference A,-1.418050341626682,-18.35705
Analog 49,3.39776625612645,45.162697
Analog 49,2.793161529245551,31.502716
Analog 49,2.198931869932209,21.066107
Analog 49,1.6196150057428065,7.671897
Analog 49,0.9847972570892928,-2.19394
Analog 49,0.3821972103774537,-1.0695255
Analog 49,-0.23433144524098592,-3.3838613
Analog 49,-0.7783250029292312,-8.699707
Analog 49,-1.418050341626682,-4.2299075
Analog 49,3.9995654882259823,49.825317
Analog 49,3.39776625612645,50.71586
Analog 49,2.793161529245551,46.30764
Analog 49,2.198931869932209,20.26376
Analog 49,1.6196150057428065,3.5888016
Analog 49,0.9847972570892928,3.5022335
Analog 49,0.3821972103774537,4.0145197
Analog 49,-0.23433144524098592,1.9751874
Analog 49,-0.7783250029292312,-0.18073207
Analog 49,-1.418050341626682,12.960412
Analog 50,3.9995654882259823,57.874126
Analog 50,3.39776625612645,55.362453
Analog 50,2.793161529245551,46.86861
Analog 50,2.198931869932209,20.550016
Analog 50,1.6196150057428065,6.0844464
Analog 50,0.9847972570892928,2.244313
Analog 50,0.3821972103774537,0.77404124
Analog 50,-0.23433144524098592,4.1065125
Analog 50,-0.7783250029292312,-0.89426225
Analog 50,-1.418050341626682,-0.5129197
Analog 50,3.9995654882259823,56.750443
Analog 50,3.39776625612645,58.495296
Analog 50,2.793161529245551,51.69333
Analog 50,2.198931869932209,22.300606
Analog 50,1.6196150057428065,7.504908
Analog 50,0.9847972570892928,3.139136
Analog 50,0.3821972103774537,-1.7960519
Analog 50,-0.23433144524098592,6.6055045
Analog 50,-0.7783250029292312,5.99649
Analog 50,-1.418050341626682,4.484874
Analog 51,3.9995654882259823,59.35658
Analog 51,3.39776625612645,53.453484
Analog 51,2.793161529245551,24.629356
Analog 51,2.198931869932209,12.642869
Analog 51,1.6196150057428065,6.144694
Analog 51,0.9847972570892928,2.3781035
Analog 51,0.3821972103774537,-1.5329231
Analog 51,-0.23433144524098592,2.5488067
Analog 51,-0.7783250029292312,1.2229443
Analog 51,-1.418050341626682,-0.111387275
Analog 51,3.9995654882259823,55.658195
Analog 51,3.39776625612645,48.161697
Analog 51,2.793161529245551,21.54289
Analog 51,2.198931869932209,7.009208
Analog 51,1.6196150057428065,0.8045361
Analog 51,0.9847972570892928,3.532969
Analog 51,0.3821972103774537,2.3353114
Analog 51,-0.23433144524098592,4.9376864
Analog 51,-0.7783250029292312,3.1568592
Analog 51,-1.418050341626682,1.8406174
Analog 52,3.9995654882259823,56.53847
Analog 52,3.39776625612645,51.75358
Analog 52,2.793161529245551,14.738786
Analog 52,2.198931869932209,2.5964556
Analog 52,1.6196150057428065,-2.9807026
Analog 52,0.9847972570892928,-4.3317714
Analog 52,0.3821972103774537,-5.228812
Analog 52,-0.23433144524098592,-2.9560947
Analog 52,-0.7783250029292312,-5.6072035
Analog 52,-1.418050341626682,-4.537837
Analog 52,3.9995654882259823,60.19348
Analog 52,3.39776625612645,54.138077
Analog 52,2.793161529245551,23.646915
Analog 52,2.198931869932209,11.884842
Analog 52,1.6196150057428065,6.2942657
Analog 52,0.9847972570892928,2.7047486
Analog 52,0.3821972103774537,4.55871
Analog 52,-0.23433144524098592,3.60783
Analog 52,-0.7783250029292312,8.645847
Analog 52,-1.418050341626682,11.373206
Analog 53,3.9995654882259823,62.36252
Analog 53,3.39776625612645,16.471127
Analog 53,2.793161529245551,0.5237954
Analog 53,2.198931869932209,-3.3823452
Analog 53,1.6196150057428065,-7.408444
Analog 53,0.9847972570892928,-3.8225336
Analog 53,0.3821972103774537,-3.6635501
Analog 53,-0.23433144524098592,-0.9953965
Analog 53,-0.7783250029292312,-5.762641
Analog 53,-1.418050341626682,-6.0960402
Analog 53,3.9995654882259823,69.34018
Analog 53,3.39776625612645,18.64724
Analog 53,2.793161529245551,5.437948
Analog 53,2.198931869932209,1.3487363
Analog 53,1.6196150057428065,-0.63284683
Analog 53,0.9847972570892928,0.7203
Analog 53,0.3821972103774537,5.086137
Analog 53,-0.23433144524098592,6.3632016
Analog 53,-0.7783250029292312,3.0586565
Analog 53,-1.418050341626682,8.963918
Analog 54,3.9995654882259823,59.80115
Analog 54,3.39776625612645,54.045937
Analog 54,2.793161529245551,32.427856
Analog 54,2.198931869932209,10.771535
Analog 54,1.6196150057428065,-5.231357
Analog 54,0.9847972570892928,0.37481436
Analog 54,0.3821972103774537,-5.573419
Analog 54,-0.23433144524098592,-6.288653
Analog 54,-0.7783250029292312,-8.978592
Analog 54,-1.418050341626682,-11.000694
Analog 54,3.9995654882259823,57.632954
Analog 54,3.39776625612645,54.46346
Analog 54,2.793161529245551,36.469418
Analog 54,2.198931869932209,7.024935
Analog 54,1.6196150057428065,-0.9945942
Analog 54,0.9847972570892928,1.2610997
Analog 54,0.3821972103774537,-3.530163
Analog 54,-0.23433144524098592,-2.8460848
Analog 54,-0.7783250029292312,5.2490454
Analog 54,-1.418050341626682,0.97172374
Analog 55,3.9995654882259823,10.040456
Analog 55,3.39776625612645,23.865185
Analog 55,2.793161529245551,6.7991257
Analog 55,2.198931869932209,5.3564115
Analog 55,1.6196150057428065,-0.31341287
Analog 55,0.9847972570892928,-3.1645446
Analog 55,0.3821972103774537,-4.775425
Analog 55,-0.23433144524098592,-3.149287
Analog 55,-0.7783250029292312,-0.89293975
Analog 55,-1.418050341626682,-4.626563
Analog 55,3.9995654882259823,53.364132
Analog 55,3.39776625612645,17.350752
Analog 55,2.793161529245551,8.472255
Analog 55,2.198931869932209,1.5149802
Analog 55,1.6196150057428065,-1.9886714
Analog 55,0.9847972570892928,-2.2397077
Analog 55,0.3821972103774537,0.026697958
Analog 55,-0.23433144524098592,0.89319617
Analog 55,-0.7783250029292312,4.3743763
Analog 55,-1.418050341626682,10.651591
Analog 56,3.9995654882259823,29.401695
Analog 56,3.39776625612645,30.542404
Analog 56,2.793161529245551,-3.515834
Analog 56,2.198931869932209,-3.9762526
Analog 56,1.6196150057428065,-2.2118874
Analog 56,0.9847972570892928,-3.4932745
Analog 56,0.3821972103774537,-1.3850602
Analog 56,-0.23433144524098592,2.8767567
Analog 56,-0.7783250029292312,-6.198275
Analog 56,-1.418050341626682,-6.5298676
Analog 56,3.9995654882259823,34.415234
Analog 56,3.39776625612645,21.555418
Analog 56,2.793161529245551,-1.5317825
Analog 56,2.198931869932209,-6.0834565
Analog 56,1.6196150057428065,-5.2817626
Analog 56,0.9847972570892928,-4.8935156
Analog 56,0.3821972103774537,-0.88593364
Analog 56,-0.23433144524098592,-3.4650266
Analog 56,-0.7783250029292312,-0.93087053
Analog 56,-1.418050341626682,-1.3781228
Reference E,3.9995654882259823,61.09452
Reference E,3.39776625612645,61.581562
Reference E,2.793161529245551,60.00076
Reference E,2.198931869932209,58.108727
Reference E,1.6196150057428065,33.51113
Reference E,0.9847972570892928,15.162731
Reference E,0.3821972103774537,2.3251169
Reference E,-0.23433144524098592,3.4115663
Reference E,-0.7783250029292312,1.6743308
Reference E,-1.418050341626682,-1.6676716
Reference E,3.9995654882259823,57.3239
Reference E,3.39776625612645,56.355328
Reference E,2.793161529245551,58.83897
Reference E,2.198931869932209,56.55736
Reference E,1.6196150057428065,37.794525
Reference E,0.9847972570892928,17.158918
Reference E,0.3821972103774537,5.80037
Reference E,-0.23433144524098592,6.991769
Reference E,-0.7783250029292312,7.2012334
Reference E,-1.418050341626682,6.750598
Analog 58,3.9995654882259823,58.007725
Analog 58,3.39776625612645,60.357426
Analog 58,2.793161529245551,62.07239
Analog 58,2.198931869932209,58.82509
Analog 58,1.6196150057428065,59.029514
Analog 58,0.9847972570892928,54.043804
Analog 58,0.3821972103774537,34.619648
Analog 58,-0.23433144524098592,20.889618
Analog 58,-0.7783250029292312,-0.6776949
Analog 58,-1.418050341626682,-1.8556559
Analog 58,3.9995654882259823,55.80034
Analog 58,3.39776625612645,61.00119
Analog 58,2.793161529245551,60.25128
Analog 58,2.198931869932209,60.560444
Analog 58,1.6196150057428065,60.759407
Analog 58,0.9847972570892928,55.350933
Analog 58,0.3821972103774537,27.945427
Analog 58,-0.23433144524098592,26.063656
Analog 58,-0.7783250029292312,15.583072
Analog 58,-1.418050341626682,12.340235
Analog 59,3.9995654882259823,96.87977
Analog 59,3.39776625612645,96.83864
Analog 59,2.793161529245551,87.889565
Analog 59,2.198931869932209,59.63567
Analog 59,1.6196150057428065,47.31063
Analog 59,0.9847972570892928,28.844501
Analog 59,0.3821972103774537,4.407239
Analog 59,-0.23433144524098592,0.4961865
Analog 59,-0.7783250029292312,0.8335013
Analog 59,-1.418050341626682,-5.751004
Analog 59,3.9995654882259823,96.603905
Analog 59,3.39776625612645,97.06685
Analog 59,2.793161529245551,95.04112
Analog 59,2.198931869932209,64.16723
Analog 59,1.6196150057428065,43.290886
Analog 59,0.9847972570892928,36.518055
Analog 59,0.3821972103774537,12.571716
Analog 59,-0.23433144524098592,11.3396845
Analog 59,-0.7783250029292312,16.027096
Analog 59,-1.418050341626682,12.008004
Analog 60,3.9995654882259823,21.959282
Analog 60,3.39776625612645,18.81417
Analog 60,2.793161529245551,10.874974
Analog 60,2.198931869932209,7.992764
Analog 60,1.6196150057428065,-2.1487231
Analog 60,0.9847972570892928,1.6744794
Analog 60,0.3821972103774537,-2.781292
Analog 60,-0.23433144524098592,-7.47126
Analog 60,-0.7783250029292312,-10.168819
Analog 60,-1.418050341626682,-8.709888
Analog 60,3.9995654882259823,20.06648
Analog 60,3.39776625612645,21.819448
Analog 60,2.793161529245551,5.859187
Analog 60,2.198931869932209,-5.7457457
Analog 60,1.6196150057428065,-20.94042
Analog 60,0.9847972570892928,-23.311262
Analog 60,0.3821972103774537,-22.974897
Analog 60,-0.23433144524098592,-20.878101
Analog 60,-0.7783250029292312,-25.218725
Analog 60,-1.418050341626682,-19.913794
Analog 61,3.9995654882259823,47.115597
Analog 61,3.39776625612645,47.98864
Analog 61,2.793161529245551,31.234226
Analog 61,2.198931869932209,10.004465
Analog 61,1.6196150057428065,-4.4382806
Analog 61,0.9847972570892928,-0.49957463
Analog 61,0.3821972103774537,-2.315199
Analog 61,-0.23433144524098592,-3.6938167
Analog 61,-0.7783250029292312,-7.745304
Analog 61,-1.418050341626682,-11.4956
Analog 61,3.9995654882259823,49.46529
Analog 61,3.39776625612645,52.30332
Analog 61,2.793161529245551,39.057404
Analog 61,2.198931869932209,8.991178
Analog 61,1.6196150057428065,5.0962377
Analog 61,0.9847972570892928,0.8407675
Analog 61,0.3821972103774537,-3.1851964
Analog 61,-0.23433144524098592,1.6475831
Analog 61,-0.7783250029292312,-0.83854675
Analog 61,-1.418050341626682,5.48615
Analog 62,3.9995654882259823,48.8603
Analog 62,3.39776625612645,36.30133
Analog 62,2.793161529245551,-1.9239779
Analog 62,2.198931869932209,1.6711714
Analog 62,1.6196150057428065,-4.915941
Analog 62,0.9847972570892928,1.4039497
Analog 62,0.3821972103774537,-7.255167
Analog 62,-0.23433144524098592,-5.3639836
Analog 62,-0.7783250029292312,-12.984936
Analog 62,-1.418050341626682,-8.88129
Analog 62,3.9995654882259823,48.065495
Analog 62,3.39776625612645,36.916145
Analog 62,2.793161529245551,6.2566304
Analog 62,2.198931869932209,-0.9679821
Analog 62,1.6196150057428065,-3.3670866
Analog 62,0.9847972570892928,0.22338049
Analog 62,0.3821972103774537,-10.184852
Analog 62,-0.23433144524098592,-7.241651
Analog 62,-0.7783250029292312,-8.478763
Analog 62,-1.418050341626682,-7.25643
Analog 63,3.9995654882259823,51.56626
Analog 63,3.39776625612645,34.767006
Analog 63,2.793161529245551,-1.5295752
Analog 63,2.198931869932209,4.632845
Analog 63,1.6196150057428065,-2.1742477
Analog 63,0.9847972570892928,0.5173881
Analog 63,0.3821972103774537,-2.306253
Analog 63,-0.23433144524098592,-5.2874002
Analog 63,-0.7783250029292312,-8.89566
Analog 63,-1.418050341626682,-6.702221
Analog 63,3.9995654882259823,46.811222
Analog 63,3.39776625612645,39.106113
Analog 63,2.793161529245551,4.531337
Analog 63,2.198931869932209,-1.6503894
Analog 63,1.6196150057428065,-5.7103467
Analog 63,0.9847972570892928,-5.2452927
Analog 63,0.3821972103774537,-4.8301272
Analog 63,-0.23433144524098592,-6.2470026
Analog 63,-0.7783250029292312,-12.021818
Analog 63,-1.418050341626682,-2.9711676
Analog 64,3.9995654882259823,56.378414
Analog 64,3.39776625612645,7.849916
Analog 64,2.793161529245551,-6.4890103
Analog 64,2.198931869932209,-2.6015656
Analog 64,1.6196150057428065,-4.069867
Analog 64,0.9847972570892928,-6.0930767
Analog 64,0.3821972103774537,-9.195631
Analog 64,-0.23433144524098592,-6.040527
Analog 64,-0.7783250029292312,-12.296949
Analog 64,-1.418050341626682,-7.7668962
Analog 64,3.9995654882259823,54.638187
Analog 64,3.39776625612645,9.845847
Analog 64,2.793161529245551,-0.51372176
Analog 64,2.198931869932209,-3.4078093
Analog 64,1.6196150057428065,-0.3734748
Analog 64,0.9847972570892928,-3.844062
Analog 64,0.3821972103774537,-4.621397
Analog 64,-0.23433144524098592,0.42201832
Analog 64,-0.7783250029292312,-7.8373137
Analog 64,-1.418050341626682,-6.0267863
Analog 65,3.9995654882259823,48.51897
Analog 65,3.39776625612645,43.95708
Analog 65,2.793161529245551,16.283161
Analog 65,2.198931869932209,-2.4144082
Analog 65,1.6196150057428065,1.7526896
Analog 65,0.9847972570892928,0.33535755
Analog 65,0.3821972103774537,-6.2296844
Analog 65,-0.23433144524098592,-9.17283
Analog 65,-0.7783250029292312,-17.03563
Analog 65,-1.418050341626682,-10.054044
Analog 65,3.9995654882259823,54.143566
Analog 65,3.39776625612645,46.390453
Analog 65,2.793161529245551,20.142149
Analog 65,2.198931869932209,2.4390814
Analog 65,1.6196150057428065,6.6061635
Analog 65,0.9847972570892928,1.1043031
Analog 65,0.3821972103774537,-0.79691935
Analog 65,-0.23433144524098592,-8.284381
Analog 65,-0.7783250029292312,-5.520514
Analog 65,-1.418050341626682,-0.46357945
Analog 66,3.9995654882259823,3.411662
Analog 66,3.39776625612645,1.1466802
Analog 66,2.793161529245551,2.853665
Analog 66,2.198931869932209,4.2563505
Analog 66,1.6196150057428065,-5.466797
Analog 66,0.9847972570892928,-2.6580927
Analog 66,0.3821972103774537,-3.535006
Analog 66,-0.23433144524098592,-1.242244
Analog 66,-0.7783250029292312,-17.01694
Analog 66,-1.418050341626682,-3.668009
Analog 66,3.9995654882259823,42.93507
Analog 66,3.39776625612645,11.918177
Analog 66,2.793161529245551,0.98918474
Analog 66,2.198931869932209,-6.616779
Analog 66,1.6196150057428065,-8.248122
Analog 66,0.9847972570892928,-4.343858
Analog 66,0.3821972103774537,-8.375151
Analog 66,-0.23433144524098592,-6.1889415
Analog 66,-0.7783250029292312,-4.6813188
Analog 66,-1.418050341626682,-3.5285883
Analog 67,3.9995654882259823,48.4423
Analog 67,3.39776625612645,-10.399309
Analog 67,2.793161529245551,-21.2214
Analog 67,2.198931869932209,-10.760826
Analog 67,1.6196150057428065,-7.153605
Analog 67,0.9847972570892928,-4.7796936
Analog 67,0.3821972103774537,-9.792822
Analog 67,-0.23433144524098592,-4.9543424
Analog 67,-0.7783250029292312,-9.677643
Analog 67,-1.418050341626682,-11.160707
Analog 67,3.9995654882259823,32.685265
Analog 67,3.39776625612645,-3.9369946
Analog 67,2.793161529245551,-5.667769
Analog 67,2.198931869932209,-8.016568
Analog 67,1.6196150057428065,-8.692382
Analog 67,0.9847972570892928,-4.181836
Analog 67,0.3821972103774537,-4.9174533
Analog 67,-0.23433144524098592,-0.51122767
Analog 67,-0.7783250029292312,-12.2076025
Analog 67,-1.418050341626682,-6.6763654
Reference F,3.9995654882259823,50.97961
Reference F,3.39776625612645,52.593895
Reference F,2.793161529245551,49.138966
Reference F,2.198931869932209,50.68359
Reference F,1.6196150057428065,17.612148
Reference F,0.9847972570892928,6.6940365
Reference F,0.3821972103774537,-2.3097222
Reference F,-0.23433144524098592,-4.705889
Reference F,-0.7783250029292312,-5.3416176
Reference F,-1.418050341626682,-9.851003
Reference F,3.9995654882259823,51.949062
Reference F,3.39776625612645,52.357582
Reference F,2.793161529245551,52.499535
Reference F,2.198931869932209,48.08358
Reference F,1.6196150057428065,28.878004
Reference F,0.9847972570892928,12.540503
Reference F,0.3821972103774537,6.675211
Reference F,-0.23433144524098592,-7.4523106
Reference F,-0.7783250029292312,-2.6270359
Reference F,-1.418050341626682,-1.0112878
Analog 69,3.9995654882259823,51.235973
Analog 69,3.39776625612645,53.41161
Analog 69,2.793161529245551,51.83792
Analog 69,2.198931869932209,55.06478
Analog 69,1.6196150057428065,52.593544
Analog 69,0.9847972570892928,51.06736
Analog 69,0.3821972103774537,25.789478
Analog 69,-0.23433144524098592,11.065378
Analog 69,-0.7783250029292312,-1.299279
Analog 69,-1.418050341626682,1.9252292
Analog 69,3.9995654882259823,52.759483
Analog 69,3.39776625612645,52.893417
Analog 69,2.793161529245551,54.017628
Analog 69,2.198931869932209,53.97808
Analog 69,1.6196150057428065,54.06123
Analog 69,0.9847972570892928,48.438496
Analog 69,0.3821972103774537,26.353504
Analog 69,-0.23433144524098592,12.540201
Analog 69,-0.7783250029292312,7.3496084
Analog 69,-1.418050341626682,7.5125275
Analog 70,3.9995654882259823,95.90538
Analog 70,3.39776625612645,95.78067
Analog 70,2.793161529245551,89.32573
Analog 70,2.198931869932209,57.290504
Analog 70,1.6196150057428065,41.331932
Analog 70,0.9847972570892928,29.200348
Analog 70,0.3821972103774537,9.77037
Analog 70,-0.23433144524098592,0.6622184
Analog 70,-0.7783250029292312,2.21481
Analog 70,-1.418050341626682,-4.4313636
Analog 70,3.9995654882259823,95.32446
Analog 70,3.39776625612645,96.05933
Analog 70,2.793161529245551,92.725334
Analog 70,2.198931869932209,56.88602
Analog 70,1.6196150057428065,46.21594
Analog 70,0.9847972570892928,39.409756
Analog 70,0.3821972103774537,10.183682
Analog 70,-0.23433144524098592,1.869417
Analog 70,-0.7783250029292312,6.5061707
Analog 70,-1.418050341626682,0.26239085
